run,steps,last_step,final_loss,final_acc,max_sharpness
lr1_bs512_ep30_ms500k_seed0,26370,26369,0.738814115524292,0.654366135597229,2.6191892873178317
lr1_step_g0.5_bs512_ep40_ms500k_seed0,35160,35159,1.2203118801116943,0.5286504626274109,2.831612389682651
lr1_step_g0.75_bs512_ep50_ms500k_seed0,43950,43949,1.1041483879089355,0.5563216209411621,2.707791540501009
lr1_step_g0.95_bs512_ep40_ms500k_seed0,35160,35159,0.6759017705917358,0.6866968274116516,2.6313004051478
lr1_step_g0.99_bs512_ep40_ms500k_seed0,35160,35159,0.7001336812973022,0.6767274737358093,2.5494138911904094
lr1_step_g0.9_bs512_ep40_ms500k_seed0,35160,35159,0.6886488795280457,0.6814835071563721,2.6498320462834806
