step,loss
0,2.2000482082366943
50,2.183899402618408
