run,steps,last_step,final_loss,final_acc,max_sharpness
lr2_bs512_ep30_ms500k_seed0,26370,26369,1.3236565589904785,0.431814044713974,4.395758971802189
lr2_step_g0.5_bs512_ep40_ms500k_seed0,35160,35159,1.268532156944275,0.5068367719650269,2.3037577926668287
lr2_step_g0.75_bs512_ep50_ms500k_seed0,43950,43949,0.8831185698509216,0.6057714223861694,1.9768680259338933
lr2_step_g0.95_bs512_ep40_ms500k_seed0,35160,35159,0.7931873798370361,0.6282526254653931,2.9118972551364393
lr2_step_g0.99_bs512_ep30_ms500k_seed0,26370,26369,1.1481153964996338,0.4866185784339905,5.158500670252693
lr2_step_g0.9_bs512_ep40_ms500k_seed0,35160,35159,0.8034998178482056,0.6309049725532532,1.9114184949411792
